,date,open,high,low,close,volumn,marketcap
0,"Jan 11, 2019",54.9609681488,59.1866522722,54.6945227079,56.282849130600006,197776266.397,318106793.84
1,"Jan 10, 2019",60.4866325019,61.6646336479,53.2087008667,54.9603519442,134487356.171,310238477.144
2,"Jan 09, 2019",60.6485302477,62.374915280299994,59.883782160500004,60.5360106476,138605651.32799998,341274408.476
3,"Jan 08, 2019",60.7319004691,62.408430351599996,59.4542138854,60.8628623087,111887546.995,342680357.978
4,"Jan 07, 2019",61.8866177972,62.51812307,60.2769732067,60.738266831400004,257883235.05400002,341541523.975
5,"Jan 06, 2019",57.957842348,63.1365832307,57.2595838532,61.6244378137,255070881.77,346091701.275
6,"Jan 05, 2019",58.571701633500005,60.322012498999996,57.6664499975,58.0505439897,223989921.713,325609492.213
7,"Jan 04, 2019",58.3446607734,59.500607468999995,56.61172924979999,58.409267741899995,156017984.512,327191560.168
8,"Jan 03, 2019",61.3483434146,61.7966258062,57.6194288929,58.305054981800005,97767990.1195,326191638.568
9,"Jan 02, 2019",60.0154239987,62.3404161805,58.0665166257,61.2522752659,106422104.91600001,342252064.796
10,"Jan 01, 2019",56.430601687700005,59.881507373000005,55.90771728439999,59.7477311222,117318414.903,333412877.944
11,"Dec 31, 2018",59.7693746792,60.05286147859999,56.280548868900006,56.5439335611,110422243.548,315126763.12700003
12,"Dec 30, 2018",60.3406670788,61.5715764214,59.163521947,59.6560516087,100754024.784,332048193.206
13,"Dec 29, 2018",63.071874539700005,63.593393373599994,60.275481048900005,60.322609371000006,120228180.82,335322452.02
14,"Dec 28, 2018",56.252089970200004,63.3404012326,55.74514396399999,63.1697500258,126963805.31,350692789.432
15,"Dec 27, 2018",61.0716218588,61.7817189809,55.9060714621,56.3454714872,115439227.39899999,312408523.138
16,"Dec 26, 2018",61.4702802525,63.4523639966,59.263580428500006,61.5146758281,121013185.63200001,340619447.462
17,"Dec 25, 2018",68.3744887453,68.8078506249,60.0858277422,61.248922309399994,106099892.751,338703095.119
18,"Dec 24, 2018",65.2451609582,72.3622178948,65.2451609582,68.3379998386,171486193.824,377423512.196
19,"Dec 23, 2018",63.4699046516,67.6215767465,63.362881406899994,64.992715494,117480667.03799999,358483164.28199995
20,"Dec 22, 2018",61.9066249929,63.700016016899994,60.673673008,63.4084627074,99333079.9245,349289876.15599996
21,"Dec 21, 2018",66.1107843427,66.90003330270001,60.241373970699996,61.6752945513,106561646.625,339307018.445
22,"Dec 20, 2018",57.6090922554,66.1644327943,56.6131104319,66.1644327943,123989787.08399999,363522694.297
23,"Dec 19, 2018",58.6966169934,61.8410636832,56.942427532399996,57.544471995,131784903.184,315761263.608
24,"Dec 18, 2018",56.5091894577,58.76211350729999,54.415285198199996,58.566525455299995,118425223.66399999,320950050.107
25,"Dec 17, 2018",51.4748985338,57.445114168100005,51.1615821874,56.4205408383,134445280.738,308778688.528
26,"Dec 16, 2018",50.1069964958,53.4825854912,49.8453837476,51.4076385949,106891749.544,280970055.22900003
27,"Dec 15, 2018",49.2982052663,51.03388242850001,48.649366318999995,50.208889183800004,100792417.07200001,274060514.52599996
28,"Dec 14, 2018",51.8321467385,52.5877046008,48.942142222799994,49.2236714266,102714634.66299999,268330846.512
29,"Dec 13, 2018",55.58842208390001,55.827979372399994,51.2839454807,51.6771195151,109403691.016,281333791.44200003
30,"Dec 12, 2018",54.3859806238,57.816775926400005,54.007338929700005,55.5102507544,127269001.44299999,301807498.65599996
31,"Dec 11, 2018",56.815816508000005,57.1494605433,53.6456305787,54.3074961454,157076775.966,294873751.243
32,"Dec 10, 2018",60.8721869838,61.651088346899996,56.1746456287,56.6782092245,122237317.251,307337235.28099996
33,"Dec 09, 2018",57.3756856916,62.592981415299995,57.179939403199995,61.0882166579,154260598.818,330811401.46900004
34,"Dec 08, 2018",59.246663685600005,61.444587268999996,54.4677072079,57.5770889299,135081232.98,311393090.489
35,"Dec 07, 2018",58.254381152600004,59.3338581709,50.8378845812,59.3338581709,180603693.03599998,320461055.47099996
36,"Dec 06, 2018",66.1066246154,68.6116767912,58.710759666499996,58.8114495619,223829065.133,317225650.793
37,"Dec 05, 2018",74.6958749054,74.89746520130001,65.4880186078,66.420594498,154298622.034,357789061.769
38,"Dec 04, 2018",70.74446502,78.7248070481,70.2516205636,74.6912170386,139136109.993,401810271.641
39,"Dec 03, 2018",79.4050066486,79.706739427,69.7257840118,70.7984256542,158281197.88,380351709.61300004
40,"Dec 02, 2018",80.3088442622,82.1611531019,77.369236129,79.1573922397,184371749.588,424699693.448
41,"Dec 01, 2018",80.6633678361,85.2151659149,78.6232957279,80.3275319798,207842018.365,430406463.43
42,"Nov 30, 2018",88.03635794,89.7668809641,77.2537748185,80.9483880192,151698983.106,433150270.944
43,"Nov 29, 2018",80.10953521729999,93.4951023826,77.1814727783,87.9581340697,176426953.034,470026828.67300004
44,"Nov 28, 2018",73.2575,83.7603,73.1873,79.9494,188765000.0,426650472.78400004
45,"Nov 27, 2018",66.512,73.9815,63.9211,73.3211,155518000.0,390756095.569
46,"Nov 26, 2018",70.0126,73.403,62.2952,66.2504,98142400.0,352606574.245
47,"Nov 25, 2018",67.8017,71.9612,60.70399999999999,70.2795,107979000.0,373542131.203
48,"Nov 24, 2018",77.8431,79.7311,65.5504,67.7522,128204000.0,359620632.02599996
49,"Nov 23, 2018",78.0558,79.2407,74.7703,77.5978,124773000.0,411334783.116
50,"Nov 22, 2018",85.6073,86.0053,78.8567,78.8567,111280000.0,417437305.683
51,"Nov 21, 2018",85.1666,89.1352,80.9184,85.8071,122448000.0,453605826.791
52,"Nov 20, 2018",98.4469,101.09899999999999,80.5575,84.4963,123150000.0,446067057.839
53,"Nov 19, 2018",112.95,113.94200000000001,96.1097,98.8935,126629000.0,521367150.084
54,"Nov 18, 2018",111.20299999999999,115.20100000000001,109.637,113.029,179765000.0,595096978.569
55,"Nov 17, 2018",109.726,111.51700000000001,105.602,111.363,167133000.0,585513941.119
56,"Nov 16, 2018",110.565,112.046,107.63,109.649,134646000.0,575722354.094
57,"Nov 15, 2018",111.04,111.825,100.814,109.911,141197000.0,576310772.119
58,"Nov 14, 2018",126.65299999999999,129.458,105.697,111.06,161584000.0,581533066.125
59,"Nov 13, 2018",134.912,136.257,126.23,126.98200000000001,135567000.0,663999195.288
60,"Nov 12, 2018",129.404,136.808,124.37700000000001,133.067,153442000.0,694860072.2939999
61,"Nov 11, 2018",130.582,131.86,127.241,129.339,136586000.0,674479442.306
62,"Nov 10, 2018",133.713,137.857,129.701,130.41299999999998,120109000.0,679142814.206
63,"Nov 09, 2018",136.519,137.99,131.97799999999998,134.178,124923000.0,697785141.487
64,"Nov 08, 2018",129.537,138.162,126.98100000000001,135.832,162097000.0,705413778.75
65,"Nov 07, 2018",130.417,133.584,126.242,129.829,119754000.0,673303742.606
66,"Nov 06, 2018",122.064,130.77100000000002,121.066,130.77100000000002,117486000.0,672152953.269
67,"Nov 05, 2018",121.315,123.92200000000001,118.825,121.75299999999999,109497000.0,629670751.056
68,"Nov 04, 2018",118.928,120.994,116.87299999999999,120.456,100538000.0,622103293.35
69,"Nov 03, 2018",118.12299999999999,119.79,116.35600000000001,117.684,85513200.0,606960378.675
70,"Nov 02, 2018",117.26,118.765,115.874,118.37200000000001,90126600.0,609649092.125
71,"Nov 01, 2018",115.537,127.84899999999999,114.765,117.074,106367000.0,601941092.987
72,"Oct 31, 2018",116.071,116.071,113.79,115.45299999999999,98439900.0,592771059.481
73,"Oct 30, 2018",116.991,117.04899999999999,114.94200000000001,115.911,105116000.0,594457532.381
74,"Oct 29, 2018",123.259,123.727,114.266,116.81,102798000.0,598234384.3119999
75,"Oct 28, 2018",119.61,123.678,119.395,123.417,82785700.0,631218560.569
76,"Oct 27, 2018",121.64,122.689,119.434,119.60600000000001,83068300.0,610665626.362
77,"Oct 26, 2018",125.48100000000001,125.78,119.594,121.37799999999999,100690000.0,619040696.413
78,"Oct 25, 2018",126.984,129.08100000000002,124.759,125.198,93196700.0,637609156.887
79,"Oct 24, 2018",121.285,126.973,120.415,126.34100000000001,95361200.0,642523737.756
80,"Oct 23, 2018",122.969,123.59700000000001,119.67,120.90799999999999,75859000.0,614039590.425
81,"Oct 22, 2018",125.14399999999999,125.73899999999999,121.712,122.655,84498700.0,622022601.281
82,"Oct 21, 2018",126.29700000000001,127.045,124.185,125.24,89406600.0,634161350.25
83,"Oct 20, 2018",120.11200000000001,126.955,119.135,125.66799999999999,94854900.0,635503861.425
84,"Oct 19, 2018",119.266,120.766,116.29799999999999,120.211,67313800.0,607054280.219
85,"Oct 18, 2018",118.574,122.921,117.666,118.796,65867900.0,599051846.725
86,"Oct 17, 2018",115.663,119.656,112.708,119.007,107976000.0,599257517.119
87,"Oct 16, 2018",113.164,116.76299999999999,111.633,115.42200000000001,128564000.0,580390148.962
88,"Oct 15, 2018",109.161,118.398,107.54,112.915,139572000.0,566970915.156
89,"Oct 14, 2018",112.03,113.11,108.538,108.538,100116000.0,544214280.538
90,"Oct 13, 2018",110.491,112.925,110.009,111.573,109809000.0,558645313.669
91,"Oct 12, 2018",109.065,112.119,107.928,109.023,115512000.0,545078886.131
92,"Oct 11, 2018",123.537,124.03299999999999,109.90899999999999,110.04,93696300.0,549345126.75
93,"Oct 10, 2018",125.988,126.602,123.421,123.662,175638000.0,616509945.013
94,"Oct 09, 2018",126.26799999999999,129.40200000000002,125.682,126.111,188448000.0,627822332.269
95,"Oct 08, 2018",125.34,127.898,124.073,126.5,159355000.0,628843359.375
96,"Oct 07, 2018",125.32700000000001,127.49600000000001,123.758,125.459,141094000.0,622768282.456
97,"Oct 06, 2018",127.89,129.494,124.62899999999999,125.81,147108000.0,623606358.5619999
98,"Oct 05, 2018",124.22399999999999,130.907,124.071,127.725,147203000.0,632182072.031
99,"Oct 04, 2018",122.35799999999999,126.319,121.584,124.03200000000001,169554000.0,613013431.2
100,"Oct 03, 2018",127.05,127.72,119.895,122.061,133461000.0,602403838.894
101,"Oct 02, 2018",127.094,128.94,125.711,126.83200000000001,133792000.0,625038401.1
102,"Oct 01, 2018",131.886,133.9,126.369,127.381,151058000.0,626834735.819
103,"Sep 30, 2018",133.865,134.562,129.028,131.993,151008000.0,648584728.531
104,"Sep 29, 2018",136.32399999999998,136.32399999999998,131.83100000000002,133.50799999999998,143884000.0,655077862.625
105,"Sep 28, 2018",143.009,145.045,134.175,136.35399999999998,165087000.0,668053639.8130001
106,"Sep 27, 2018",133.118,144.964,132.548,143.355,134801000.0,701336562.469
107,"Sep 26, 2018",136.183,141.787,128.626,133.04,127405000.0,649911209.5
108,"Sep 25, 2018",137.247,138.01,126.609,133.868,111247000.0,653003920.625
109,"Sep 24, 2018",131.358,144.31799999999998,125.40100000000001,137.656,154700000.0,670487101.65
110,"Sep 23, 2018",124.008,134.004,122.314,130.89700000000002,124136000.0,636641284.581
111,"Sep 22, 2018",126.806,128.368,121.09200000000001,123.39200000000001,99206300.0,599249392.0
112,"Sep 21, 2018",119.205,128.704,116.852,125.431,127960000.0,608239221.256
113,"Sep 20, 2018",114.238,119.98899999999999,111.804,119.65,107159000.0,579352030.3119999
114,"Sep 19, 2018",111.973,115.523,110.083,113.639,91429500.0,549419706.469
115,"Sep 18, 2018",109.935,114.6,107.166,112.117,104004000.0,541267941.631
116,"Sep 17, 2018",118.411,120.84299999999999,107.26,109.868,95085800.0,529623500.725
117,"Sep 16, 2018",120.598,121.55,115.794,118.075,94970600.0,568319327.969
118,"Sep 15, 2018",119.81,124.64,117.706,119.93799999999999,96134200.0,576440768.3119999
119,"Sep 14, 2018",117.37299999999999,123.48899999999999,114.191,117.738,96404100.0,565025397.862
120,"Sep 13, 2018",110.68700000000001,119.949,110.68700000000001,118.83200000000001,101930000.0,569415464.1
121,"Sep 12, 2018",113.12200000000001,113.35600000000001,101.86200000000001,110.42200000000001,96953500.0,528332692.71199995
122,"Sep 11, 2018",120.04799999999999,120.383,110.16799999999999,113.15100000000001,92611300.0,540565465.819
123,"Sep 10, 2018",118.585,122.684,116.85799999999999,118.915,95923500.0,567255021.969
124,"Sep 09, 2018",122.165,126.363,118.508,119.506,95415600.0,569222763.163
125,"Sep 08, 2018",126.641,133.891,121.525,121.905,87398300.0,579770275.219
126,"Sep 07, 2018",131.517,133.678,126.24,126.9,93275100.0,602594960.625
127,"Sep 06, 2018",133.398,133.398,124.465,131.599,108919000.0,623979125.981
128,"Sep 05, 2018",155.491,159.238,133.618,133.618,136070000.0,632595213.413
129,"Sep 04, 2018",155.936,159.375,154.314,156.44799999999998,116901000.0,739561963.4
130,"Sep 03, 2018",155.376,159.71200000000002,149.655,155.803,108822000.0,735400871.4560001
131,"Sep 02, 2018",158.671,159.058,151.30200000000002,155.67700000000002,119554000.0,733689160.3189999
132,"Sep 01, 2018",149.22,160.278,149.22,158.05700000000002,144187000.0,743767837.0439999
133,"Aug 31, 2018",152.352,152.352,143.819,150.359,115392000.0,706472098.6810001
134,"Aug 30, 2018",153.106,154.342,145.388,151.744,114991000.0,711875678.8
135,"Aug 29, 2018",154.066,155.812,149.124,153.60399999999998,85594300.0,719503216.575
136,"Aug 28, 2018",149.387,156.57399999999998,146.05100000000002,154.732,102112000.0,723686399.375
137,"Aug 27, 2018",136.789,151.125,134.71200000000002,149.779,137472000.0,699444527.031
138,"Aug 26, 2018",139.389,139.92700000000002,135.244,136.329,124786000.0,635655263.906
139,"Aug 25, 2018",140.964,143.109,136.313,139.218,95632300.0,648116347.3119999
140,"Aug 24, 2018",131.868,142.891,130.634,140.722,109149000.0,654117193.088
141,"Aug 23, 2018",131.356,135.60399999999998,126.82600000000001,133.653,93644000.0,620309468.269
142,"Aug 22, 2018",135.154,144.255,125.395,131.996,84143200.0,611663689.175
143,"Aug 21, 2018",129.993,138.639,126.928,135.90200000000002,71913500.0,628807511.962
144,"Aug 20, 2018",143.71200000000002,146.018,129.341,129.341,91939300.0,597506108.744
145,"Aug 19, 2018",143.96200000000002,146.42600000000002,137.967,143.97799999999998,93628600.0,664092225.963
146,"Aug 18, 2018",154.079,155.14700000000002,139.086,143.692,72459600.0,661751054.125
147,"Aug 17, 2018",141.585,154.656,139.63299999999998,154.656,90914200.0,711126653.4
148,"Aug 16, 2018",136.564,143.814,135.24,141.803,82493200.0,651007824.044
149,"Aug 15, 2018",133.52200000000002,145.653,131.4,136.83100000000002,84434000.0,627208503.381
150,"Aug 14, 2018",144.179,144.399,126.387,132.02200000000002,110542000.0,604214360.612
151,"Aug 13, 2018",156.985,162.548,143.464,143.464,100641000.0,655550678.15
152,"Aug 12, 2018",157.74200000000002,163.562,156.111,157.792,98623700.0,719913179.4
153,"Aug 11, 2018",161.19299999999998,163.321,153.338,158.708,92390800.0,722949657.375
154,"Aug 10, 2018",176.12900000000002,177.067,159.458,160.506,97636500.0,729968246.888
155,"Aug 09, 2018",162.358,178.46,159.243,175.982,99718400.0,799104565.038
156,"Aug 08, 2018",177.485,177.485,159.175,161.17600000000002,112907000.0,730720609.15
157,"Aug 07, 2018",182.032,193.03099999999998,176.863,177.169,123897000.0,801967658.869
158,"Aug 06, 2018",180.96599999999998,189.239,178.59599999999998,182.905,117804000.0,826599137.031
159,"Aug 05, 2018",176.53799999999998,181.33,172.00099999999998,181.33,93770600.0,818209692.4380001
160,"Aug 04, 2018",186.08900000000003,189.408,174.655,176.047,92356800.0,793086233.531
161,"Aug 03, 2018",187.041,187.791,178.56099999999998,185.851,122098000.0,835931081.9189999
162,"Aug 02, 2018",198.416,202.201,185.892,187.18,122037000.0,840577415.125
163,"Aug 01, 2018",208.203,209.31799999999998,193.929,198.334,151024000.0,889244124.462
164,"Jul 31, 2018",213.551,215.44799999999998,196.46599999999998,209.571,144526000.0,938117075.3060001
165,"Jul 30, 2018",217.41299999999998,218.933,202.49099999999999,216.28799999999998,157531000.0,966622163.4
166,"Jul 29, 2018",220.03199768099998,224.51400756799998,214.23599243200002,217.20199585,152800992.0,969156681.513
167,"Jul 28, 2018",220.662994385,223.757995605,214.58099365200002,220.30099487299998,127041000.0,981384502.869
168,"Jul 27, 2018",220.54200744599999,224.54800415,212.117004395,221.03199768099998,118509000.0,983052253.05
169,"Jul 26, 2018",226.175003052,231.595993042,217.923995972,221.117004395,123371000.0,981865892.5560001
170,"Jul 25, 2018",222.576004028,226.71800231900002,209.79200744599999,222.54200744599999,114760000.0,986605184.8119999
171,"Jul 24, 2018",193.91700744599999,223.652999878,191.81300354,223.289993286,168768000.0,988341549.1880001
172,"Jul 23, 2018",192.34300231900002,205.416000366,190.32000732400002,193.839996338,93810304.0,856616516.5
173,"Jul 22, 2018",191.779998779,203.266998291,186.492004395,192.70300293,46066100.0,850192387.6689999
174,"Jul 21, 2018",184.447998047,198.76499939,179.31900024400002,194.94400024400002,39662800.0,858668618.4
175,"Jul 20, 2018",200.050003052,200.154998779,180.013000488,184.36599731400003,58021000.0,810764464.738
176,"Jul 19, 2018",209.36599731400003,212.315994263,198.46800231900002,199.662002563,101966000.0,876594796.913
177,"Jul 18, 2018",212.21600341799999,225.26499939,201.82800293,209.337005615,108763000.0,917582947.031
178,"Jul 17, 2018",191.089996338,213.67100524900002,181.869995117,210.434997559,102171000.0,920875396.969
179,"Jul 16, 2018",175.147994995,191.595993042,170.147994995,190.645004272,64024200.0,832900599.781
180,"Jul 15, 2018",174.018005371,182.098999023,172.18800354,178.087997437,51919300.0,776754186.05
181,"Jul 14, 2018",175.367004395,178.369995117,170.388000488,174.53199768099998,65835000.0,760000684.825
182,"Jul 13, 2018",155.104003906,185.117996216,155.104003906,175.59300231900002,87204000.0,763371910.744
183,"Jul 12, 2018",159.195999146,160.06300354,152.197006226,155.542999268,42486300.0,675084812.169
184,"Jul 11, 2018",161.45599365200002,164.76400756799998,157.25100708,160.29400634799998,41382400.0,694542881.788
185,"Jul 10, 2018",167.29800415,170.147003174,158.966995239,161.097000122,55215300.0,696852258.619
186,"Jul 09, 2018",172.406005859,176.945999146,167.567993164,167.567993164,40715700.0,723670685.1
187,"Jul 08, 2018",177.414001465,181.17599487299998,172.343994141,172.727005005,36348200.0,744696267.344
188,"Jul 07, 2018",175.18699646,179.177001953,168.893997192,177.393997192,41225500.0,763551450.638
189,"Jul 06, 2018",177.23599243200002,179.18200683599997,166.089004517,176.339996338,49916100.0,757767145.875
190,"Jul 05, 2018",183.136001587,188.212005615,174.25100708,177.031005859,43696600.0,759459670.6689999
191,"Jul 04, 2018",180.098999023,187.309997559,176.233001709,182.382003784,42678600.0,781113608.8119999
192,"Jul 03, 2018",182.632995605,191.867004395,178.95399475099998,179.05499267599998,44685100.0,765588820.781
193,"Jul 02, 2018",165.205001831,185.343994141,163.48399353,184.087997437,51703800.0,785783079.65
194,"Jul 01, 2018",169.38900756799998,171.636001587,161.085998535,167.615997314,41191400.0,714294536.4
195,"Jun 30, 2018",163.710998535,173.488998413,158.720993042,163.98500061,41442600.0,697640360.594
196,"Jun 29, 2018",154.214996338,165.083999634,148.12600708,163.27699279799998,37554300.0,693415988.8939999
197,"Jun 28, 2018",166.240997314,166.240997314,149.00999450700002,154.095001221,31601200.0,653359910.719
198,"Jun 27, 2018",163.220993042,167.005004883,156.679992676,166.128997803,37729200.0,703160720.3189999
199,"Jun 26, 2018",176.91900634799998,177.25999450700002,163.197006226,163.197006226,43075600.0,689606263.1810001
200,"Jun 25, 2018",167.059997559,179.24800109900002,164.54800415,176.02499389599998,49277800.0,742520756.719
201,"Jun 24, 2018",171.63099670399998,171.63099670399998,156.680999756,167.509002686,40595500.0,705412853.869
202,"Jun 23, 2018",168.335998535,172.71600341799999,166.195999146,171.024993896,40087600.0,718988031.094
203,"Jun 22, 2018",191.70300293,193.46800231900002,163.541000366,168.789001465,48782000.0,708391609.031
204,"Jun 21, 2018",193.763000488,197.42199707,189.11599731400003,192.729995728,43987900.0,807501358.5619999
205,"Jun 20, 2018",199.289001465,199.475997925,191.32899475099998,193.682998657,46208400.0,810092463.2060001
206,"Jun 19, 2018",200.33099365200002,200.39100647,194.089004517,198.231002808,45700900.0,827685044.7939999
207,"Jun 18, 2018",191.25999450700002,202.647994995,186.61599731400003,198.54400634799998,58180400.0,827559932.7
208,"Jun 17, 2018",194.845001221,196.675003052,189.20500183099998,191.445999146,48691500.0,796605609.462
209,"Jun 16, 2018",195.37399292,197.15899658200001,188.210006714,193.44299316400003,49141200.0,803524742.4189999
210,"Jun 15, 2018",199.37699890099998,201.75199890099998,191.72300720200002,194.60000610400002,55652200.0,806941738.75
211,"Jun 14, 2018",184.940994263,202.261993408,183.552001953,199.57200622599998,66378500.0,826149498.525
212,"Jun 13, 2018",197.852005005,201.68099975599998,178.67599487299998,185.28300476099997,55781200.0,765653047.031
213,"Jun 12, 2018",202.188995361,214.74099731400003,194.567001343,195.757003784,61372400.0,807545340.7689999
214,"Jun 11, 2018",203.914993286,207.55299377400002,195.537994385,206.47799682599998,58327500.0,850267370.587
215,"Jun 10, 2018",231.688995361,231.688995361,201.804000854,203.679000854,61739600.0,836388718.594
216,"Jun 09, 2018",244.744995117,245.23599243200002,232.66999816900002,232.66999816900002,54753100.0,954818058.3119999
217,"Jun 08, 2018",239.320999146,247.863006592,231.67599487299998,239.367004395,53682300.0,980014875.3560001
218,"Jun 07, 2018",236.16900634799998,242.12300109900002,233.05099487299998,237.29800415,55284400.0,970399025.638
219,"Jun 06, 2018",239.755004883,240.335006714,229.207000732,236.048995972,56887000.0,963580048.8189999
220,"Jun 05, 2018",236.32400512700002,241.29200744599999,228.906005859,239.53199768099998,52339700.0,976085414.625
221,"Jun 04, 2018",254.10400390599997,255.95799255400001,233.587005615,236.479995728,66867600.0,961942998.0
222,"Jun 03, 2018",249.270004272,262.552001953,247.863998413,253.380996704,69116304.0,1028848799.61
223,"Jun 02, 2018",240.81799316400003,258.121002197,238.06300354,250.608001709,75534304.0,1015834829.1
224,"Jun 01, 2018",242.585998535,247.335006714,234.962005615,240.85899353,65648000.0,974574223.381
225,"May 31, 2018",244.54699707,256.312011719,238.255996704,245.67300415,61591600.0,992308562.494
226,"May 30, 2018",253.62600708,260.729003906,238.42999267599998,251.17599487299998,53620800.0,1012683547.55
227,"May 29, 2018",229.255004883,257.658996582,223.007003784,247.916000366,71846000.0,997789074.675
228,"May 28, 2018",263.153991699,269.144012451,221.22799682599998,228.763000488,77346896.0,919093956.256
229,"May 27, 2018",274.977996826,276.85699462900004,258.294006348,261.350006104,57269700.0,1048116406.56
230,"May 26, 2018",283.346008301,286.958007812,270.209014893,277.190002441,62077600.0,1109645275.56
231,"May 25, 2018",298.023986816,298.55700683599997,275.79598999,286.229003906,68341504.0,1143815807.28
232,"May 24, 2018",287.234985352,300.794006348,272.57901001,294.980987549,106695000.0,1176633118.22
233,"May 23, 2018",314.282012939,333.032012939,282.010986328,288.72698974599996,142578000.0,1149680236.76
234,"May 22, 2018",330.260986328,346.865997314,312.145996094,314.882995605,142211008.0,1251520195.67
235,"May 21, 2018",351.85998535199997,352.645996094,326.834991455,329.47000122099996,89672200.0,1307174284.19
236,"May 20, 2018",344.858001709,357.93899536099997,340.04800415,352.184997559,125868000.0,1394800077.47
237,"May 19, 2018",359.334014893,377.695007324,343.38000488299997,345.195007324,154256992.0,1364622716.53
238,"May 18, 2018",315.683990479,365.694000244,306.065002441,358.81399536099997,235260992.0,1415922653.16
239,"May 17, 2018",367.945007324,368.84500122099996,312.570007324,315.934997559,134332992.0,1244454142.84
240,"May 16, 2018",354.39001464800003,378.62600708,327.656005859,366.85198974599996,298528992.0,1442345129.92
241,"May 15, 2018",312.239990234,386.399993896,310.898986816,355.47000122099996,419545984.0,1394786520.94
242,"May 14, 2018",261.07699585,349.56100463900003,246.85299682599998,312.01599121099997,293688000.0,1222305129.1
243,"May 13, 2018",245.58299255400001,263.031005859,243.792999268,260.842010498,28585200.0,1019932976.56
244,"May 12, 2018",238.66999816900002,253.04699707,230.337005615,245.645004272,38966000.0,958772393.656
245,"May 11, 2018",263.639007568,263.639007568,238.218994141,238.82899475099998,58885700.0,930425540.156
246,"May 10, 2018",276.50201416,287.70401001,264.10900878900003,264.10900878900003,54034000.0,1027058825.79
247,"May 09, 2018",275.346008301,277.24798584,265.846984863,275.954986572,49023000.0,1071169349.34
248,"May 08, 2018",281.346984863,290.591003418,273.125,275.210998535,53964300.0,1066262017.78
249,"May 07, 2018",291.441009521,292.14300537099996,272.527008057,281.347991943,58105400.0,1088062395.67
250,"May 06, 2018",306.638000488,310.037994385,288.322998047,291.234985352,59462900.0,1124219886.34
251,"May 05, 2018",296.740997314,309.661987305,296.740997314,306.29901123,61409500.0,1180160475.16
252,"May 04, 2018",308.75100708,308.75100708,294.527008057,296.927001953,61999900.0,1141916289.22
253,"May 03, 2018",292.916992188,311.51199340799997,291.972991943,308.416992188,77706896.0,1183937686.36
254,"May 02, 2018",290.278991699,294.819000244,285.76800537099996,293.371002197,60618000.0,1124067488.62
255,"May 01, 2018",285.430999756,290.492004395,271.513000488,290.492004395,66730800.0,1110944895.78
256,"Apr 30, 2018",293.483001709,296.533996582,284.174987793,285.14498901400003,67256896.0,1088460840.47
257,"Apr 29, 2018",296.565002441,302.506011963,285.014007568,293.760986328,63386900.0,1119260622.11
258,"Apr 28, 2018",282.62701416,298.50201416,282.62701416,296.615997314,55599300.0,1128002840.25
259,"Apr 27, 2018",303.437011719,303.437011719,281.533996582,283.367004395,61549400.0,1075595603.38
260,"Apr 26, 2018",284.47698974599996,302.85198974599996,274.743011475,302.85198974599996,67863400.0,1147379408.72
261,"Apr 25, 2018",318.39801025400004,318.39801025400004,267.54699707,283.598999023,86984896.0,1072410121.07
262,"Apr 24, 2018",298.177001953,327.48400878900003,298.177001953,319.661987305,99571800.0,1206498288.71
263,"Apr 23, 2018",272.26599121099997,297.69299316400003,270.273986816,297.625,79506600.0,1121196158.59
264,"Apr 22, 2018",270.165008545,280.593994141,264.67199707,272.320007324,61057600.0,1023928306.0
265,"Apr 21, 2018",281.800994873,282.502990723,256.381011963,270.64099121099997,65454300.0,1015670002.33
266,"Apr 20, 2018",263.13000488299997,285.378997803,256.07101440400004,281.97698974599996,80577504.0,1056178338.27
267,"Apr 19, 2018",247.95599365200002,264.535003662,241.13900756799998,263.85900878900003,70313696.0,986445117.094
268,"Apr 18, 2018",221.880004883,248.78399658200001,221.880004883,247.880996704,72614496.0,924919924.5560001
269,"Apr 17, 2018",225.563995361,227.992996216,220.570999146,221.934005737,50375200.0,826508570.663
270,"Apr 16, 2018",232.43200683599997,234.29200744599999,218.731994629,225.45799255400001,50850200.0,838023158.663
271,"Apr 15, 2018",222.654006958,234.44299316400003,222.654006958,232.17799377400002,50127300.0,861317982.163
272,"Apr 14, 2018",228.35400390599997,238.36000061,219.684005737,222.035003662,53766200.0,822102627.844
273,"Apr 13, 2018",216.309997559,242.00199890099998,212.34300231900002,228.136001587,71798000.0,843069458.75
274,"Apr 12, 2018",185.397994995,217.005004883,183.673995972,216.414993286,63825600.0,798199386.719
275,"Apr 11, 2018",179.94400024400002,184.779006958,179.382995605,184.779006958,41436000.0,680191131.769
276,"Apr 10, 2018",177.75,180.768997192,174.96800231900002,179.722000122,33315100.0,660281779.0619999
277,"Apr 09, 2018",184.223999023,188.636001587,174.98599243200002,177.406005859,33855700.0,650537822.913
278,"Apr 08, 2018",181.699996948,185.300003052,180.49800109900002,183.89999389599998,28660200.0,673017680.625
279,"Apr 07, 2018",175.393005371,184.662002563,174.845001221,181.80700683599997,34326500.0,664053476.381
280,"Apr 06, 2018",183.414993286,184.77699279799998,174.492004395,175.632995605,32598900.0,640242658.844
281,"Apr 05, 2018",183.48500061,186.712997437,178.75999450700002,184.606002808,36531300.0,671641625.712
282,"Apr 04, 2018",206.063995361,206.23399353,182.037002563,183.404998779,38157200.0,665960749.219
283,"Apr 03, 2018",194.065994263,208.67300415,193.32400512700002,206.18200683599997,48698900.0,747176506.612
284,"Apr 02, 2018",183.07200622599998,200.960006714,181.813995361,193.88999939,44433600.0,701255292.9380001
285,"Apr 01, 2018",185.62600708,191.78300476099997,174.960998535,182.47799682599998,44314700.0,658662324.413
286,"Mar 31, 2018",189.867996216,197.438995361,185.535003662,185.535003662,46055900.0,668365486.031
287,"Mar 30, 2018",186.37199401900003,197.65800476099997,183.447998047,189.893005371,44308900.0,682695005.781
288,"Mar 29, 2018",210.90899658200001,211.479995728,185.975997925,186.82800293,55324500.0,670363385.175
289,"Mar 28, 2018",216.231002808,220.652999878,209.43699646,210.863006592,65786200.0,755099085.1060001
290,"Mar 27, 2018",225.947998047,229.554000854,210.16700744599999,216.350997925,46729300.0,773188442.8310001
291,"Mar 26, 2018",238.856002808,240.99099731400003,213.386001587,225.348999023,52425700.0,803739602.4189999
292,"Mar 25, 2018",240.833999634,243.503997803,237.17100524900002,239.36000061,41414800.0,851991448.0
293,"Mar 24, 2018",259.434997559,259.434997559,242.50199890099998,243.333999634,44876000.0,864384722.337
294,"Mar 23, 2018",249.541000366,256.865997314,231.01400756799998,256.865997314,49636800.0,910630105.3119999
295,"Mar 22, 2018",260.549987793,268.566009521,239.19700622599998,249.261001587,49773700.0,881883860.119
296,"Mar 21, 2018",259.760009766,280.69299316400003,254.878997803,260.06799316400003,69577104.0,918259472.375
297,"Mar 20, 2018",255.74699401900003,267.097991943,237.731002808,259.23800659200003,54027600.0,913478560.837
298,"Mar 19, 2018",244.59100341799999,252.617996216,228.65899658200001,252.617996216,58323800.0,888316987.237
299,"Mar 18, 2018",220.190002441,247.40199279799998,204.005996704,244.380996704,59834200.0,857623044.494
300,"Mar 17, 2018",236.82200622599998,236.82200622599998,219.42599487299998,220.483001709,41086300.0,772174184.5810001
301,"Mar 16, 2018",243.08299255400001,247.619995117,233.74800109900002,236.75100708,43510900.0,827466940.406
302,"Mar 15, 2018",250.25300598099997,253.66900634799998,233.76499939,242.99099731400003,45521300.0,847526790.2060001
303,"Mar 14, 2018",284.54598999,289.240997314,246.13400268599997,250.684997559,52691100.0,872567113.406
304,"Mar 13, 2018",290.444000244,301.76800537099996,279.990997314,284.365997314,46337600.0,792625792.8119999
305,"Mar 12, 2018",308.760009766,314.98199462900004,280.207000732,291.68600463900003,51763700.0,1011083943.06
306,"Mar 11, 2018",287.679992676,318.358001709,278.95401001,309.699005127,55436800.0,1071332072.61
307,"Mar 10, 2018",310.88699340799997,318.730987549,286.837005615,288.506988525,51613200.0,995953211.531
308,"Mar 09, 2018",316.96398925799997,320.253997803,282.479003906,310.94699096700003,75390496.0,1071214358.42
309,"Mar 08, 2018",347.680999756,350.472991943,315.537994385,318.388000488,57779600.0,1094564216.02
310,"Mar 07, 2018",384.212005615,386.996002197,332.480987549,347.57901001,59469300.0,1192398000.29
311,"Mar 06, 2018",392.39498901400003,392.39498901400003,376.93200683599997,384.43200683599997,57546200.0,1316124576.3
312,"Mar 05, 2018",408.781005859,409.766998291,391.87200927699996,391.87200927699996,57656400.0,1338813543.6
313,"Mar 04, 2018",386.92300415,409.290985107,384.09698486300005,409.290985107,63635000.0,1395362551.41
314,"Mar 03, 2018",387.023986816,406.22399902300003,382.60900878900003,387.66699218800005,61064800.0,1318855248.59
315,"Mar 02, 2018",399.42599487300004,402.187988281,375.41900634800004,387.843994141,54698000.0,1316684323.53
316,"Mar 01, 2018",382.619995117,402.42300415,381.238006592,400.278991699,44341900.0,1356022666.56
317,"Feb 28, 2018",408.51599121099997,416.710998535,382.03298950199996,382.03298950199996,53379100.0,1291484045.86
318,"Feb 27, 2018",405.053009033,418.399993896,400.19601440400004,408.966003418,44954300.0,1379593124.21
319,"Feb 26, 2018",391.65100097699997,414.69799804699994,384.440002441,404.238006592,56278600.0,1360738376.14
320,"Feb 25, 2018",391.601013184,396.782012939,382.17098999,391.24798584,50147900.0,1314204477.3
321,"Feb 24, 2018",415.350006104,423.30099487300004,379.895996094,392.281005859,57684200.0,1314859714.58
322,"Feb 23, 2018",396.84201049800004,424.32101440400004,382.67599487300004,416.32299804699994,65084700.0,1392457323.97
323,"Feb 22, 2018",441.60699462900004,449.347991943,396.52999877900004,397.789001465,70323104.0,1327598411.87
324,"Feb 21, 2018",438.74700927699996,463.42199707,418.261993408,434.80099487300004,98094200.0,1447998747.76
325,"Feb 20, 2018",474.243011475,482.52999877900004,436.716003418,438.566009521,92509400.0,1457439790.16
326,"Feb 19, 2018",449.516998291,486.842987061,447.042999268,472.972991943,89904704.0,1568399160.57
327,"Feb 18, 2018",491.610992432,492.312011719,447.430999756,451.022003174,75407696.0,1492361325.81
328,"Feb 17, 2018",480.42898559599996,495.783996582,475.579986572,490.83999633800005,89428000.0,1620646308.75
329,"Feb 16, 2018",484.18899536099997,495.662994385,465.983001709,481.51998901400003,81125600.0,1586394725.5
330,"Feb 15, 2018",483.82699585,489.537994385,465.382995605,486.74899292,91880096.0,1600111282.97
331,"Feb 14, 2018",445.522003174,485.37298584,445.522003174,483.79199218800005,95177000.0,1586955684.3
332,"Feb 13, 2018",462.036987305,463.243011475,432.722991943,447.131988525,69848496.0,1463443473.97
333,"Feb 12, 2018",436.661987305,472.45599365199996,436.661987305,462.239990234,73819904.0,1509672951.0
334,"Feb 11, 2018",482.73199462900004,482.73199462900004,412.92199707,434.15798950199996,87156000.0,1414820522.96
335,"Feb 10, 2018",475.097991943,511.75,460.088989258,483.41900634800004,124973000.0,1571851985.34
336,"Feb 09, 2018",437.097991943,476.118011475,401.42599487300004,475.721008301,109467000.0,1543426239.14
337,"Feb 08, 2018",355.687011719,437.834014893,355.687011719,435.914001465,113216000.0,1411132627.41
338,"Feb 07, 2018",368.75299072300004,391.054992676,327.843994141,354.34698486300005,95854600.0,1144547454.01
339,"Feb 06, 2018",307.346008301,375.391998291,262.304992676,372.385009766,140867008.0,1200120050.59
340,"Feb 05, 2018",343.01998901400003,349.358001709,281.135986328,303.60501098599997,56414800.0,976304496.031
341,"Feb 04, 2018",388.725006104,404.09899902300003,333.993988037,346.911987305,45202600.0,1113038965.4
342,"Feb 03, 2018",384.50601196300005,405.032012939,345.662994385,388.54598999,53483300.0,1243840167.74
343,"Feb 02, 2018",398.82901001,398.82901001,306.528991699,383.549987793,113633000.0,1225128218.44
344,"Feb 01, 2018",399.257995605,409.40100097699997,367.08999633800005,400.743011475,117572000.0,1276198643.87
345,"Jan 31, 2018",383.864990234,398.26599121099997,362.596008301,397.881988525,77064800.0,1265177723.31
346,"Jan 30, 2018",448.92199707,448.92199707,381.446990967,383.47399902300003,77962096.0,1216650356.51
347,"Jan 29, 2018",471.433990479,476.641998291,443.141998291,448.614990234,75045800.0,1420076763.28
348,"Jan 28, 2018",453.468994141,476.908996582,453.468994141,471.98699951199995,74527600.0,1490750290.07
349,"Jan 27, 2018",456.531005859,465.77999877900004,437.084014893,451.694000244,71220400.0,1423358371.19
350,"Jan 26, 2018",473.683990479,491.466003418,429.647003174,456.944000244,87992704.0,1436651927.3
351,"Jan 25, 2018",457.584991455,475.45599365199996,451.968994141,472.972991943,85020800.0,1483606925.99
352,"Jan 24, 2018",442.119995117,465.26599121099997,428.28298950199996,451.729003906,78432400.0,1413750841.54
353,"Jan 23, 2018",446.398986816,468.72399902300003,406.74798584,442.00201416,79187400.0,1380137432.44
354,"Jan 22, 2018",492.55398559599996,507.23199462900004,416.30398559599996,446.79199218800005,78727104.0,1391871570.45
355,"Jan 21, 2018",559.723999023,561.807983398,479.29598999,487.01800537099996,94691696.0,1513770654.64
356,"Jan 20, 2018",528.8640136719999,565.228027344,518.560974121,557.598999023,126555000.0,1729187683.87
357,"Jan 19, 2018",486.592987061,553.117980957,482.911010742,524.336975098,163175008.0,1622223304.56
358,"Jan 18, 2018",497.678009033,540.890014648,484.210998535,490.08300781199995,128385000.0,1512766763.27
359,"Jan 17, 2018",509.26800537099996,528.82800293,397.975006104,496.816986084,171892000.0,1530000738.31
360,"Jan 16, 2018",627.143005371,685.684020996,460.10198974599996,513.658996582,283879008.0,1578137018.28
361,"Jan 15, 2018",671.731994629,685.8229980469999,627.994018555,627.994018555,157346000.0,1924931133.76
362,"Jan 14, 2018",701.846984863,720.034973145,652.390014648,675.755981445,142911008.0,2066499859.27
363,"Jan 13, 2018",703.757019043,721.625,693.4769897460001,701.583007812,151404992.0,2140376261.72
364,"Jan 12, 2018",651.1770019530001,719.567016602,622.2860107419999,700.8090209960001,185898000.0,2133012932.79
365,"Jan 11, 2018",719.1040039060001,729.0120239260001,609.455993652,646.598022461,221531008.0,1963431198.14
366,"Jan 10, 2018",672.3939819340001,728.45501709,630.1420288090001,721.401977539,245168000.0,2185338569.84
367,"Jan 09, 2018",693.241027832,723.286987305,644.057006836,672.783996582,213920992.0,2033233141.1
368,"Jan 08, 2018",884.2719726560001,896.281005859,601.87298584,695.492004395,282955008.0,2096895339.52
369,"Jan 07, 2018",756.372009277,955.265014648,750.390014648,880.7609863280001,542980992.0,2649257526.17
370,"Jan 06, 2018",587.9110107419999,780.835021973,578.689025879,764.257019043,305643008.0,2293291650.08
371,"Jan 05, 2018",590.867980957,606.106994629,573.831970215,588.854980469,158978000.0,1762689598.03
372,"Jan 04, 2018",583.080993652,601.9949951169999,539.104003906,595.1900024409999,166095008.0,1777538654.94
373,"Jan 03, 2018",581.293029785,593.67401123,561.580993652,581.888977051,152736000.0,1733647355.34
374,"Jan 02, 2018",578.07598877,624.9680175780001,576.000976562,583.505981445,207114000.0,1734205360.39
375,"Jan 01, 2018",508.00100708,621.687988281,489.341003418,577.192993164,234555008.0,1711373637.54
376,"Dec 31, 2017",482.819000244,516.359985352,478.625,505.51098632800006,95277104.0,1495222551.91
377,"Dec 30, 2017",574.099975586,574.099975586,478.66000366199995,486.454986572,143776000.0,1435318921.28
378,"Dec 29, 2017",507.97000122099996,601.49798584,483.98901367199994,571.8989868159999,227427008.0,1683402578.34
379,"Dec 28, 2017",552.57598877,560.12097168,490.39801025400004,507.26501464800003,129796000.0,1489504412.34
380,"Dec 27, 2017",574.163024902,590.163024902,540.617004395,554.0729980469999,143216992.0,1622966390.91
381,"Dec 26, 2017",559.999023438,573.984008789,551.8439941409999,573.984008789,139396992.0,1677206359.8
382,"Dec 25, 2017",536.12701416,575.159973145,511.02600097699997,558.835998535,139364992.0,1628877709.17
383,"Dec 24, 2017",595.3859863280001,595.3859863280001,449.033996582,532.50201416,142136000.0,1548379362.36
384,"Dec 23, 2017",542.185974121,637.244018555,498.769012451,594.6149902340001,231311008.0,1724721687.28
385,"Dec 22, 2017",652.9229736330001,656.021972656,381.475006104,536.682983398,351520992.0,1552821820.86
386,"Dec 21, 2017",674.65802002,743.958984375,622.9229736330001,651.487976074,279558016.0,1880369455.4
387,"Dec 20, 2017",613.291992188,740.6870117189999,555.807006836,675.554016113,305316000.0,1944949521.49
388,"Dec 19, 2017",595.786987305,635.549987793,560.395019531,613.914978027,287416992.0,1763121673.34
389,"Dec 18, 2017",538.445007324,600.687988281,497.31399536099997,596.164001465,348896992.0,1707894353.22
390,"Dec 17, 2017",471.63101196300005,561.9949951169999,470.358001709,537.182983398,305008000.0,1535077642.56
391,"Dec 16, 2017",469.39300537099996,498.334991455,459.915008545,469.64498901400003,150140000.0,1338708396.09
392,"Dec 15, 2017",510.816986084,510.816986084,423.73400878900003,467.145996094,220484000.0,1328244980.79
393,"Dec 14, 2017",416.40798950199996,529.768005371,415.496002197,510.91000366199995,423032992.0,1448950339.56
394,"Dec 13, 2017",372.132995605,437.243011475,356.11898803699995,414.68899536099997,265914000.0,1173095569.46
395,"Dec 12, 2017",320.552001953,379.115997314,320.552001953,373.028991699,191288000.0,1052564272.14
396,"Dec 11, 2017",290.028991699,323.355987549,284.70300293,319.959991455,115200000.0,900533419.25
397,"Dec 10, 2017",317.277008057,321.54699707,288.401000977,291.09500122099996,107504000.0,817196451.531
398,"Dec 09, 2017",327.783996582,353.354003906,309.246002197,316.627990723,132799000.0,886619746.675
399,"Dec 08, 2017",308.040008545,339.98800659200003,295.01800537099996,328.075012207,127793000.0,916319626.406
400,"Dec 07, 2017",339.865997314,341.79699707,301.868988037,308.394012451,125668000.0,859125932.663
401,"Dec 06, 2017",322.915008545,372.85198974599996,319.575012207,338.872009277,206504000.0,941591857.15
402,"Dec 05, 2017",330.963012695,331.045013428,319.002990723,323.391998291,72757600.0,896347627.6
403,"Dec 04, 2017",323.082000732,333.385986328,316.022003174,330.510009766,61649200.0,913622595.9380001
404,"Dec 03, 2017",329.528991699,341.835998535,311.26998901400003,322.809997559,85387904.0,890061819.8119999
405,"Dec 02, 2017",335.384002686,342.725006104,320.109985352,329.302001953,63555100.0,905636069.713
406,"Dec 01, 2017",306.190002441,338.111999512,292.631988525,335.98199462900004,78854200.0,921575527.238
407,"Nov 30, 2017",309.42300415,330.778991699,267.69699096700003,308.485992432,93494200.0,843950214.6880001
408,"Nov 29, 2017",371.17300415,380.575012207,300.726013184,306.06799316400003,157702000.0,835177316.225
409,"Nov 28, 2017",347.656005859,375.415008545,346.12200927699996,371.243011475,127136000.0,1010326223.16
410,"Nov 27, 2017",340.183990479,347.511993408,332.854003906,347.511993408,90891200.0,943262681.35
411,"Nov 26, 2017",344.83300781199995,346.79598999,333.708007812,340.144012451,81416400.0,920839962.7
412,"Nov 25, 2017",348.592987061,359.85998535199997,336.835998535,344.69900512699996,120059000.0,930710998.0560001
413,"Nov 24, 2017",310.440002441,351.5,301.558990479,346.36401367199994,153182000.0,932708462.175
414,"Nov 23, 2017",319.454986572,320.541992188,303.161987305,311.550994873,102568000.0,836734467.8939999
415,"Nov 22, 2017",290.89099121099997,321.278991699,290.89099121099997,319.73199462900004,139324992.0,856388173.725
416,"Nov 21, 2017",301.868011475,307.825012207,281.84500122099996,290.63699340799997,82637904.0,776409498.281
417,"Nov 20, 2017",299.319000244,304.264007568,296.35900878900003,302.165985107,55245200.0,804998552.0619999
418,"Nov 19, 2017",298.222991943,302.593994141,294.506011963,299.333007812,53157100.0,795318426.844
419,"Nov 18, 2017",290.833007812,304.791992188,287.20098877,298.145996094,61087000.0,790062675.638
420,"Nov 17, 2017",293.394012451,294.759002686,283.976013184,291.18899536099997,56387900.0,769537909.8189999
421,"Nov 16, 2017",290.24798584,320.94601440400004,288.49798584,294.907989502,173976000.0,777257681.625
422,"Nov 15, 2017",271.17401123,297.919006348,271.17401123,290.565002441,89937200.0,763737390.281
423,"Nov 14, 2017",265.57598877,275.89300537099996,263.64498901400003,271.43899536099997,52265100.0,711487424.3310001
424,"Nov 13, 2017",298.73400878900003,298.73400878900003,258.32901001,265.45300293,115940000.0,693909073.7310001
425,"Nov 12, 2017",253.625,288.67098999,231.67799377400002,288.67098999,119639000.0,752552667.6439999
426,"Nov 11, 2017",238.162002563,269.717010498,236.244995117,253.598999023,68016096.0,659279735.306
427,"Nov 10, 2017",261.954986572,272.757995605,231.582000732,237.882995605,78740400.0,616731005.494
428,"Nov 09, 2017",250.55299377400002,270.177001953,244.143005371,261.99899292,86573400.0,677377127.081
429,"Nov 08, 2017",240.13400268599997,252.34800720200002,238.25900268599997,250.604995728,60804200.0,646123907.531
430,"Nov 07, 2017",228.75100708,245.022994995,228.26600647,240.869003296,55446200.0,619296780.469
431,"Nov 06, 2017",225.64700317400002,236.34199523900003,222.34100341799999,228.69500732400002,47873100.0,586358257.219
432,"Nov 05, 2017",230.32000732400002,232.766998291,224.337005615,225.354995728,38159100.0,576194706.344
433,"Nov 04, 2017",232.63499450700002,234.50999450700002,224.81199646,230.391998291,36530200.0,587394483.65
434,"Nov 03, 2017",217.87800598099997,240.38999939,216.449996948,232.632003784,48622200.0,591450866.55
435,"Nov 02, 2017",222.912002563,224.14700317400002,212.09300231900002,218.162002563,47381200.0,553082938.888
436,"Nov 01, 2017",233.92599487299998,233.92599487299998,220.32400512700002,222.412994385,47917100.0,562303156.519
437,"Oct 31, 2017",239.85899353,239.929000854,231.714996338,233.007995605,38363600.0,587405886.5
438,"Oct 30, 2017",233.630996704,244.41900634799998,228.99899292,241.222000122,50794000.0,606400447.613
439,"Oct 29, 2017",231.63499450700002,238.781005859,224.636993408,234.326004028,59020900.0,587365945.212
440,"Oct 28, 2017",243.723999023,246.68200683599997,231.06300354,231.06799316400003,45309100.0,577564575.225
441,"Oct 27, 2017",233.333999634,255.90899658200001,227.84199523900003,244.51600647,131517000.0,609454601.775
442,"Oct 26, 2017",217.358001709,235.64999389599998,217.358001709,233.67300415,41638100.0,580748967.356
443,"Oct 25, 2017",215.89599609400003,227.98599243200002,208.753997803,217.68800354,44717900.0,539451272.25
444,"Oct 24, 2017",206.59300231900002,227.37600708,205.07000732400002,216.039993286,37788300.0,533819987.25
445,"Oct 23, 2017",213.404998779,213.41700744599999,201.15199279799998,206.52200317400002,26665700.0,508827612.83699995
446,"Oct 22, 2017",212.82000732400002,219.27499389599998,208.29600524900002,213.73399353,26263000.0,525068295.263
447,"Oct 21, 2017",222.04699707,223.38999939,208.826004028,212.45500183099998,37115000.0,520391260.53099996
448,"Oct 20, 2017",230.199996948,234.220001221,222.522994995,222.522994995,29093800.0,543488784.431
449,"Oct 19, 2017",229.386001587,237.613998413,224.75,230.065994263,30300100.0,560252409.462
450,"Oct 18, 2017",231.147994995,239.307998657,217.173995972,229.29600524900002,29137800.0,556760783.1
451,"Oct 17, 2017",233.10899353,250.28300476099997,227.68800354,231.28199768099998,60696400.0,559894693.163
452,"Oct 16, 2017",231.957000732,235.958999634,230.447998047,233.013000488,22198300.0,562410371.119
453,"Oct 15, 2017",240.660003662,240.660003662,228.25199890099998,232.62600708,25648400.0,559821738.5619999
454,"Oct 14, 2017",240.05099487299998,242.13400268599997,238.07000732400002,240.888000488,21199600.0,577979139.45
455,"Oct 13, 2017",227.054000854,251.00199890099998,222.60299682599998,240.048995972,62551500.0,574270723.006
456,"Oct 12, 2017",236.44500732400002,236.98599243200002,227.003997803,227.003997803,39391300.0,541440009.375
457,"Oct 11, 2017",235.32000732400002,240.143997192,231.643005371,236.132003784,20522300.0,561517468.525
458,"Oct 10, 2017",229.70500183099998,242.358001709,226.356002808,235.654998779,27876900.0,558710020.969
459,"Oct 09, 2017",241.462005615,242.468994141,226.572998047,229.49000549299998,33586100.0,542426866.9380001
460,"Oct 08, 2017",253.52099609400003,256.19699096700003,240.552001953,241.05599975599998,30469500.0,568052983.8
461,"Oct 07, 2017",257.252990723,257.554992676,246.53199768099998,253.97900390599997,30163700.0,596674452.069
462,"Oct 06, 2017",254.848999023,272.756988525,253.324996948,257.60900878900003,49397500.0,603357309.294
463,"Oct 05, 2017",237.64100647,265.842987061,227.902999878,254.815994263,48244700.0,595022434.2
464,"Oct 04, 2017",252.996002197,253.14100647,237.339996338,237.910003662,22195500.0,553838123.6880001
465,"Oct 03, 2017",258.157989502,259.99798584,238.326004028,252.942001343,36278200.0,586981947.863
466,"Oct 02, 2017",264.506988525,273.766998291,254.742996216,257.600006104,52062000.0,595972090.0
467,"Oct 01, 2017",277.346984863,279.680999756,263.944000244,263.944000244,33546100.0,608738996.15
468,"Sep 30, 2017",289.963012695,292.596008301,275.425994873,277.527008057,37283500.0,638091812.944
469,"Sep 29, 2017",311.492004395,311.492004395,272.381988525,290.118988037,71232096.0,664965440.706
470,"Sep 28, 2017",285.653991699,413.065002441,281.966003418,310.59500122099996,296920992.0,709676574.281
471,"Sep 27, 2017",231.261993408,296.867004395,229.84199523900003,285.35501098599997,130957000.0,649979835.531
472,"Sep 26, 2017",230.70399475099998,234.585998535,228.73599243200002,231.470993042,20525600.0,525538991.869
473,"Sep 25, 2017",205.645004272,233.598999023,205.412002563,230.77200317400002,32460800.0,522316363.875
474,"Sep 24, 2017",204.018005371,207.686004639,199.505004883,205.625,15176600.0,463916988.28099996
475,"Sep 23, 2017",195.50300598099997,215.641998291,192.289993286,204.207000732,29531600.0,459252608.944
476,"Sep 22, 2017",175.52699279799998,203.666000366,174.988998413,195.843994141,43671100.0,439044303.225
477,"Sep 21, 2017",187.255004883,190.77499389599998,174.863998413,175.645004272,17620100.0,392486436.96900004
478,"Sep 20, 2017",186.988006592,192.845001221,183.257003784,187.85899353,12166600.0,418447703.669
479,"Sep 19, 2017",193.417999268,195.945999146,182.815002441,188.29600524900002,19791200.0,418070078.25
480,"Sep 18, 2017",174.011993408,193.160003662,174.011993408,193.160003662,27678900.0,427500504.75
481,"Sep 17, 2017",172.30099487299998,177.39999389599998,164.809005737,174.17599487299998,17358900.0,384207218.2
482,"Sep 16, 2017",181.102005005,184.52499389599998,165.552001953,172.462005615,22550100.0,379214835.03699994
483,"Sep 15, 2017",159.080001831,183.414001465,138.695007324,181.057998657,45620000.0,396812370.86300004
484,"Sep 14, 2017",197.67599487299998,204.79499816900002,158.832992554,158.88099670399998,35524600.0,347076537.506
485,"Sep 13, 2017",207.335998535,208.138000488,183.326004028,197.22300720200002,32634000.0,429392682.956
486,"Sep 12, 2017",207.89599609400003,221.40899658200001,203.26600647,207.77099609400003,26344600.0,450900728.494
487,"Sep 11, 2017",212.18699646,216.154998779,205.59800720200002,208.77200317400002,22339400.0,451580360.125
488,"Sep 10, 2017",213.302001953,220.22500610400002,195.837005615,212.906005859,26701400.0,458994730.76199996
489,"Sep 09, 2017",213.949996948,215.72799682599998,204.867996216,213.789001465,24960900.0,459351053.944
490,"Sep 08, 2017",247.402999878,247.402999878,206.154998779,213.99000549299998,30849900.0,458258247.562
491,"Sep 07, 2017",247.79800415,250.145004272,236.79800415,247.315002441,27100600.0,527858315.96900004
492,"Sep 06, 2017",227.80499267599998,248.707000732,225.617996216,247.00900268599997,29252500.0,525439088.606
493,"Sep 05, 2017",219.356002808,234.41700744599999,197.06300354,226.875,31113600.0,480982089.84400004
494,"Sep 04, 2017",260.662994385,260.662994385,199.72500610400002,218.345001221,41954600.0,461309763.40599996
495,"Sep 03, 2017",254.755996704,268.541992188,242.55099487299998,260.087005615,34128900.0,547670072.531
496,"Sep 02, 2017",304.716003418,307.834991455,246.190002441,254.03300476099997,52498700.0,533118416.919
497,"Sep 01, 2017",283.812988281,308.75100708,281.096984863,305.10501098599997,45352800.0,638113759.156
498,"Aug 31, 2017",272.11999511700003,283.580993652,268.833007812,283.294006348,26913900.0,590428960.6880001
499,"Aug 30, 2017",270.742004395,279.507995605,263.910003662,271.64498901400003,29396300.0,564232131.719
500,"Aug 29, 2017",274.67898559599996,275.677001953,265.929992676,270.302001953,28596800.0,559493041.638
501,"Aug 28, 2017",273.221984863,278.38000488299997,255.113006592,274.621002197,35210000.0,566472751.369
502,"Aug 27, 2017",292.747009277,292.747009277,265.368011475,273.365997314,35217900.0,561929441.0619999
503,"Aug 26, 2017",238.720001221,294.653991699,236.50900268599997,294.653991699,65866400.0,603545312.962
504,"Aug 25, 2017",227.89700317400002,256.82598877,227.89700317400002,237.858001709,28281900.0,485496423.63699996
505,"Aug 24, 2017",228.11599731400003,231.470993042,225.128997803,228.11000061,15371700.0,463985719.812
506,"Aug 23, 2017",227.132003784,238.79699707,224.99099731400003,228.302001953,19773800.0,462726774.26199996
507,"Aug 22, 2017",239.67300415,240.242996216,209.207000732,227.707000732,26540900.0,459901251.069
508,"Aug 21, 2017",241.222000122,258.885986328,231.636001587,239.05700683599997,33202000.0,481112671.244
509,"Aug 20, 2017",232.05099487299998,250.95799255400001,224.804000854,241.07400512700002,30209100.0,483463360.013
510,"Aug 19, 2017",201.654006958,242.606994629,194.36500549299998,233.34100341799999,34374700.0,466260527.819
511,"Aug 18, 2017",208.92599487299998,211.380996704,200.20500183099998,201.00900268599997,17564100.0,400220225.756
512,"Aug 17, 2017",217.052001953,237.15699768099998,206.914001465,208.945999146,16505300.0,414518828.01199996
513,"Aug 16, 2017",211.916000366,218.01400756799998,206.164993286,216.75100708,17198100.0,428453056.394
514,"Aug 15, 2017",209.93699646,213.17100524900002,199.587997437,212.167999268,21171600.0,417879462.55
515,"Aug 14, 2017",214.537994385,216.583999634,203.63999939,210.22900390599997,18355900.0,412549447.806
516,"Aug 13, 2017",223.34199523900003,225.511001587,202.029006958,214.30499267599998,21036100.0,419021190.65599996
517,"Aug 12, 2017",234.21699523900003,235.417999268,219.059997559,223.30599975599998,20015900.0,435018231.61300004
518,"Aug 11, 2017",231.042999268,234.785995483,225.664993286,234.371002197,18765000.0,454877490.53099996
519,"Aug 10, 2017",242.513000488,247.285995483,230.39700317400002,230.39700317400002,20530400.0,445511478.994
520,"Aug 09, 2017",245.893005371,261.312988281,231.666000366,242.902999878,37956900.0,467938966.206
521,"Aug 08, 2017",209.17999267599998,255.968994141,208.035995483,245.477005005,39426100.0,471148608.794
522,"Aug 07, 2017",206.983001709,210.30599975599998,203.66900634799998,208.641998291,21607900.0,398974360.48800004
523,"Aug 06, 2017",205.518997192,215.811004639,205.518997192,206.300003052,17480000.0,393000210.625
524,"Aug 05, 2017",187.589004517,214.84100341799999,186.242996216,207.520004272,25450100.0,393837941.0
525,"Aug 04, 2017",188.942001343,190.132003784,184.80099487299998,186.761993408,18265500.0,353119084.23800004
526,"Aug 03, 2017",188.92999267599998,189.712005615,182.61099243200002,186.839004517,17505400.0,351903082.294
527,"Aug 02, 2017",190.31300354,194.164993286,183.46800231900002,189.138000488,28456000.0,354899725.312
528,"Aug 01, 2017",172.93200683599997,195.167999268,172.79699707,192.345001221,36659900.0,359506028.71900004
529,"Jul 31, 2017",175.477005005,179.42300415,169.361999512,176.315994263,28589500.0,328297086.075
530,"Jul 30, 2017",185.108001709,185.236999512,175.41700744599999,175.41700744599999,17966700.0,325351391.681
531,"Jul 29, 2017",176.45500183099998,189.537002563,170.914001465,189.29499816900002,31702400.0,349785216.46900004
532,"Jul 28, 2017",187.05599975599998,189.684005737,173.35000610400002,178.05099487299998,27546000.0,327697301.40599996
533,"Jul 27, 2017",190.690994263,192.12300109900002,184.393997192,185.89999389599998,19482500.0,340816279.375
534,"Jul 26, 2017",186.88400268599997,191.24000549299998,174.96699523900003,190.07899475099998,21283100.0,347118705.819
535,"Jul 25, 2017",210.087997437,210.554000854,176.792999268,184.19299316400003,24464700.0,335034403.731
536,"Jul 24, 2017",211.61500549299998,213.154006958,205.968994141,206.815994263,23279900.0,374733788.2
537,"Jul 23, 2017",217.300003052,224.712005615,208.55700683599997,214.41900634799998,24745700.0,386960629.181
538,"Jul 22, 2017",203.016998291,216.70500183099998,201.891998291,216.10299682599998,38717100.0,388449194.431
539,"Jul 21, 2017",210.223999023,215.067001343,199.477005005,201.802001953,20076700.0,361305039.53699994
540,"Jul 20, 2017",182.36099243200002,213.160995483,182.36099243200002,206.93800354,26033400.0,369005374.78699994
541,"Jul 19, 2017",199.494995117,216.42300415,180.996002197,181.98599243200002,21939800.0,323199174.113
542,"Jul 18, 2017",180.458999634,223.42999267599998,172.47500610400002,199.32400512700002,27904700.0,352580486.275
543,"Jul 17, 2017",165.664001465,184.440994263,161.470993042,182.50999450700002,28966300.0,321519882.18799996
544,"Jul 16, 2017",160.037994385,165.979003906,144.087997437,165.979003906,20481600.0,291213267.606
545,"Jul 15, 2017",178.218994141,178.218994141,156.177001953,160.067001343,14327300.0,279694072.869
546,"Jul 14, 2017",192.32200622599998,193.29400634799998,167.388000488,177.44900512700002,23103400.0,308791204.519
547,"Jul 13, 2017",214.37199401900003,214.701004028,183.89100647,191.151000977,27023600.0,331263488.306
548,"Jul 12, 2017",178.02699279799998,212.406005859,166.983001709,211.23599243200002,30152500.0,364568251.725
549,"Jul 11, 2017",197.80299377400002,200.542999268,167.895996094,178.369003296,37434800.0,306568374.331
550,"Jul 10, 2017",242.210006714,242.348999023,185.065002441,198.73399353,28200200.0,340179198.238
551,"Jul 09, 2017",252.494995117,260.233001709,241.43200683599997,241.43200683599997,17712900.0,411483120.25
552,"Jul 08, 2017",249.02200317400002,249.520004272,235.81799316400003,248.85899353,27224500.0,419879570.90599996
553,"Jul 07, 2017",285.709991455,289.63699340799997,248.54600524900002,248.73399353,38104000.0,419668668.562
554,"Jul 06, 2017",281.64099121099997,291.312988281,275.208007812,287.81399536099997,35396700.0,446815045.46300006
555,"Jul 05, 2017",280.235992432,286.92098999,272.462005615,283.010009766,38079400.0,439357105.688
556,"Jul 04, 2017",289.437988281,298.992004395,279.069000244,282.208007812,28509400.0,438112045.8
557,"Jul 03, 2017",295.399993896,295.80398559599996,283.18200683599997,291.558013916,28546700.0,452627394.86300004
558,"Jul 02, 2017",282.774993896,305.808013916,269.739013672,301.881011963,24816800.0,468653271.694
559,"Jul 01, 2017",299.41101074200003,303.361999512,280.17898559599996,290.368988037,25718200.0,450781539.244
560,"Jun 30, 2017",318.721984863,325.316986084,302.213012695,307.118011475,37157600.0,476783419.61300004
561,"Jun 29, 2017",337.427001953,344.34698486300005,313.316009521,324.37600708,28494500.0,503575493.85
562,"Jun 28, 2017",327.424987793,347.12701416,314.234985352,342.610992432,29121800.0,531884305.631
563,"Jun 27, 2017",310.223999023,331.740997314,274.778991699,328.653991699,43883000.0,510216848.21199995
564,"Jun 26, 2017",324.592987061,331.30700683599997,265.86300659200003,304.647003174,36083400.0,472947331.106
565,"Jun 25, 2017",356.85998535199997,359.039001465,307.35699462900004,330.037994385,28035800.0,512365430.36300004
566,"Jun 24, 2017",381.162994385,384.90798950199996,359.83300781199995,362.570007324,22252900.0,562869530.4380001
567,"Jun 23, 2017",370.64099121099997,392.40100097699997,369.32901001,385.84201049800004,24419100.0,598998001.387
568,"Jun 22, 2017",378.959991455,386.60900878900003,361.10900878900003,378.555999756,29971100.0,587686896.225
569,"Jun 21, 2017",394.25201416,397.355987549,357.88101196300005,378.22198486300005,31746200.0,587168380.012
570,"Jun 20, 2017",393.256988525,426.399993896,385.337005615,401.204986572,66283200.0,622848194.719
571,"Jun 19, 2017",375.670013428,399.402008057,372.113006592,391.89300537099996,29471100.0,608391838.519
572,"Jun 18, 2017",387.139007568,387.68200683599997,371.414001465,376.825012207,19743700.0,584999616.094
573,"Jun 17, 2017",388.446990967,391.98001098599997,370.37701416,384.85699462900004,28059300.0,595227052.269
574,"Jun 16, 2017",395.48400878900003,402.092987061,364.084014893,387.433013916,38818700.0,596416781.656
575,"Jun 15, 2017",381.729003906,407.36199951199995,288.834991455,387.33999633800005,68123104.0,593533186.375
576,"Jun 14, 2017",368.085998535,443.716003418,352.729003906,387.489990234,101232000.0,590977951.6880001
577,"Jun 13, 2017",311.550994873,371.50100708,311.550994873,368.278991699,44446100.0,559008392.356
578,"Jun 12, 2017",329.746002197,345.505004883,275.57699585,311.485992432,46398200.0,470579421.28699994
579,"Jun 11, 2017",328.963012695,343.183013916,309.480987549,331.098999023,38020300.0,497821832.081
580,"Jun 10, 2017",281.31399536099997,334.433990479,281.31399536099997,328.662994385,38924900.0,491817475.631
581,"Jun 09, 2017",271.552001953,281.13000488299997,270.57598877,281.13000488299997,16799000.0,418667581.312
582,"Jun 08, 2017",264.358001709,283.621002197,259.209014893,272.23800659200003,23372600.0,403455014.51199996
583,"Jun 07, 2017",259.49899292,312.648986816,258.054992676,262.790008545,50328900.0,387590613.438
584,"Jun 06, 2017",254.20399475099998,265.25100708,247.13499450700002,259.35501098599997,20436100.0,380637502.84400004
585,"Jun 05, 2017",238.824996948,281.44601440400004,238.42300415,253.031005859,43925100.0,369553356.944
586,"Jun 04, 2017",229.02200317400002,244.272994995,227.917999268,239.51600647,15806600.0,348108063.475
587,"Jun 03, 2017",241.522994995,243.929000854,228.48500061,230.00199890099998,18667600.0,332607329.713
588,"Jun 02, 2017",249.160003662,257.290985107,240.151000977,241.68200683599997,15822200.0,347760761.33699995
589,"Jun 01, 2017",235.718994141,261.549987793,234.475997925,249.27200317400002,23902700.0,356881164.45
590,"May 31, 2017",233.496002197,254.38400268599997,228.393997192,235.66999816900002,30347500.0,335739900.81200004
591,"May 30, 2017",206.007003784,246.781005859,203.15199279799998,232.92599487299998,35817600.0,330165326.06200004
592,"May 29, 2017",195.88400268599997,208.701004028,189.792999268,205.56900024400002,18855000.0,289922954.34400004
593,"May 28, 2017",191.356002808,211.970001221,182.67199707,196.31799316400003,17904800.0,275469736.637
594,"May 27, 2017",198.722000122,204.80700683599997,147.192993164,190.822998047,27968300.0,266382944.781
595,"May 26, 2017",222.024002075,252.28399658200001,179.406005859,197.880004883,30254100.0,274812033.75
596,"May 25, 2017",236.977005005,269.766998291,205.598999023,224.457000732,45598300.0,310142056.894
597,"May 24, 2017",239.063995361,285.785003662,234.335998535,238.59800720200002,51125500.0,327924617.488
598,"May 23, 2017",203.79499816900002,299.444000244,195.51499939,239.48500061,87792200.0,327449337.28099996
599,"May 22, 2017",120.446998596,278.572998047,120.446998596,203.190002441,103976000.0,276352369.31200004
600,"May 21, 2017",108.362998962,122.01599884,106.551002502,119.815002441,11511500.0,162080490.09399998
601,"May 20, 2017",105.864997864,110.791000366,105.740997314,108.22899627700001,7298390.0,145644441.731
602,"May 19, 2017",94.6148986816,108.14600372299999,94.6148986816,106.083000183,11538100.0,141988780.40600002
603,"May 18, 2017",92.71720123290001,95.0784988403,88.9447021484,94.9217987061,6969390.0,126369985.60100001
604,"May 17, 2017",90.63780212399999,93.5982971191,87.27130126950001,92.6584014893,7980650.0,122687250.095
605,"May 16, 2017",93.53399658200001,94.4275970459,90.18969726559999,90.60320281979999,5421060.0,119315920.35
606,"May 15, 2017",96.7926025391,97.81330108639999,93.1530990601,93.56680297850001,6412220.0,122567244.86799999
607,"May 14, 2017",96.7121963501,98.35320281979999,94.3389968872,96.7033996582,5258320.0,125974914.784
608,"May 13, 2017",97.3837966919,98.2072982788,94.0102996826,96.5762023926,4761440.0,125110241.891
609,"May 12, 2017",95.37159729,101.690002441,95.2715988159,97.44290161129999,7739710.0,125543605.30600001
610,"May 11, 2017",96.9389038086,98.9072036743,94.9086990356,95.126701355,7542780.0,121869788.079
611,"May 10, 2017",96.4551010132,101.894996643,94.2426986694,96.9921035767,7670940.0,123572178.80399999
612,"May 09, 2017",105.83999633799999,106.72899627700001,93.8059997559,96.0877990723,12915800.0,121731832.174
613,"May 08, 2017",104.07599639899999,111.529998779,103.056999207,106.61799621600001,11574400.0,134300697.338
614,"May 07, 2017",107.834999084,108.267997742,100.652000427,103.827003479,9456320.0,130037477.231
615,"May 06, 2017",103.85800170899999,109.387001038,100.958000183,108.21299743700001,7489580.0,134758325.231
616,"May 05, 2017",99.5189971924,113.335998535,99.4282989502,103.64099884,12122500.0,128309501.269
617,"May 04, 2017",91.0932006836,103.513999939,90.9278030396,99.543800354,9791100.0,122531574.16399999
618,"May 03, 2017",91.6076965332,94.2185974121,87.74839782709999,91.0362014771,8785360.0,111399291.011
619,"May 02, 2017",90.4408035278,95.4534988403,88.1156005859,91.9260025024,9723680.0,111826255.388
620,"May 01, 2017",93.7304000854,107.73100280799999,83.6233978271,90.0506973267,19211300.0,108911256.298
621,"Apr 30, 2017",96.1827011108,99.0662002563,89.9335021973,93.2024002075,11989300.0,112048507.795
622,"Apr 29, 2017",84.0733032227,97.4548034668,83.0225982666,96.0820007324,10732700.0,114825796.662
623,"Apr 28, 2017",76.8631973267,85.1268997192,76.5796966553,83.9477996826,10311300.0,99726313.6838
624,"Apr 27, 2017",72.09549713130001,79.9462966919,69.6474990845,76.822303772,9219590.0,90711291.7006
625,"Apr 26, 2017",69.1421966553,75.07479858399999,69.1136016846,71.9961013794,7519790.0,84495972.8869
626,"Apr 25, 2017",67.848197937,73.2927017212,64.7501983643,69.16580200199999,4835280.0,80670233.9713
627,"Apr 24, 2017",66.5579986572,68.8192977905,66.5579986572,67.991897583,4159870.0,78825134.4169
628,"Apr 23, 2017",68.75379943850001,68.783203125,66.24099731449999,66.3356018066,2664960.0,76417367.4075
629,"Apr 22, 2017",68.004699707,68.8729019165,67.4989013672,68.6740036011,4087150.0,78624433.3875
630,"Apr 21, 2017",67.2992019653,69.7333984375,66.7166976929,68.1428985596,5144630.0,77527455.0094
631,"Apr 20, 2017",71.0177993774,71.1528015137,66.6050033569,67.31690216060001,5595750.0,76097127.4131
632,"Apr 19, 2017",71.783203125,72.3089981079,70.1309967041,70.94120025630001,4692510.0,79690466.8725
633,"Apr 18, 2017",70.2547988892,72.274597168,70.2304000854,71.7847976685,3733350.0,80125745.105
634,"Apr 17, 2017",71.5922012329,72.01090240479999,69.52880096439999,70.2353973389,3190330.0,77891497.5712
635,"Apr 16, 2017",72.9417037964,74.3711013794,70.7452011108,71.50229644779999,3777100.0,78788831.2594
636,"Apr 15, 2017",71.90730285640001,77.1787033081,69.0167007446,72.8662033081,8228310.0,79764352.0713
637,"Apr 14, 2017",64.8108978271,71.4358978271,64.5456008911,71.1712036133,5898520.0,77393786.98
638,"Apr 13, 2017",62.0727996826,64.8245010376,61.270599365200006,64.6583023071,4322200.0,69849957.3756
639,"Apr 12, 2017",61.897201538100006,63.1430015564,60.0297012329,61.999801635699995,3425370.0,66535472.8687
640,"Apr 11, 2017",64.9097976685,65.3994979858,61.5121002197,61.832901001,3188750.0,65915030.7669
641,"Apr 10, 2017",62.772899627700006,68.89250183109999,62.772899627700006,64.8220977783,4183730.0,68635665.1706
642,"Apr 09, 2017",63.527400970500004,78.5572967529,62.099899291999996,62.5474014282,10584900.0,65783837.0288
643,"Apr 08, 2017",59.5261993408,65.4785003662,57.6166992188,63.5842018127,3732900.0,66414889.1038
644,"Apr 07, 2017",57.7829017639,61.3530006409,55.3922996521,59.7958984375,3267540.0,62021428.6531
645,"Apr 06, 2017",59.169799804700006,59.3501014709,53.7025985718,57.9034996033,5816800.0,59647481.0406
646,"Apr 05, 2017",62.589199066199996,63.2804985046,58.0518989563,59.082599639899996,5402150.0,60431529.6112
647,"Apr 04, 2017",63.5041999817,64.00430297850001,60.7732009888,62.70470047,5109820.0,63692690.9294
648,"Apr 03, 2017",64.0416030884,66.14910125729999,61.724899291999996,63.4458007812,4457090.0,63987071.9812
649,"Apr 02, 2017",64.56690216060001,67.6256027222,61.481098175,63.7257995605,4470820.0,63812228.1163
650,"Apr 01, 2017",70.1666030884,73.5087966919,64.4178009033,64.5906982422,3451690.0,64221321.9344
651,"Mar 31, 2017",66.9339981079,78.4747009277,66.9339981079,70.2593002319,6312930.0,69349002.9444
652,"Mar 30, 2017",63.26229858399999,67.4798965454,61.752700805699995,66.9477996826,4462730.0,65598383.4062
653,"Mar 29, 2017",64.9562988281,67.7083969116,61.7611999512,63.364101409899995,2921400.0,61632279.9419
654,"Mar 28, 2017",54.6665000916,73.4588012695,54.6128005981,64.6920013428,9419650.0,62462147.625
655,"Mar 27, 2017",60.041801452600005,62.010200500500005,54.1808013916,54.538700103800004,3581290.0,52273639.6156
656,"Mar 26, 2017",63.5605010986,65.6640014648,59.2388000488,59.930000305200004,3128110.0,57012532.6875
657,"Mar 25, 2017",64.7742996216,66.4822998047,63.1467018127,63.3968009949,4535020.0,59852522.65
658,"Mar 24, 2017",66.5726013184,73.4348983765,63.6492004395,64.5854034424,9363870.0,60507235.6488
659,"Mar 23, 2017",69.3395996094,69.6628036499,65.9097976685,66.6056976318,2369260.0,61929563.5744
660,"Mar 22, 2017",66.1455001831,71.21240234380001,64.6932983398,69.2157974243,4318140.0,63855468.8888
661,"Mar 21, 2017",72.0923995972,73.62840271,65.0896987915,66.6386032104,6927260.0,61005555.8438
662,"Mar 20, 2017",70.06819915770001,79.06490325930001,70.06819915770001,72.4664993286,7465190.0,65816339.8781
663,"Mar 19, 2017",63.4813995361,80.3293991089,59.486198425299996,69.886100769,13536800.0,62974801.4981
664,"Mar 18, 2017",48.270000457799995,91.08660125729999,47.6791000366,64.1829986572,27275200.0,57373584.8438
665,"Mar 17, 2017",49.124801635699995,53.54019927979999,46.330299377399996,48.2695999146,5088250.0,42796732.415
666,"Mar 16, 2017",45.647998809799994,50.7033004761,45.647998809799994,48.7807998657,3945410.0,42902408.72
667,"Mar 15, 2017",45.059799194300005,46.2551994324,43.2434005737,45.7346000671,2480490.0,39896292.4688
668,"Mar 14, 2017",47.7452011108,47.7821006775,43.452201843299996,45.1234016418,2372830.0,39044995.9987
669,"Mar 13, 2017",40.1741981506,48.3824005127,40.1741981506,47.6624984741,5846470.0,40901276.4844
670,"Mar 12, 2017",39.8774986267,40.9597015381,38.0499992371,40.155101776100004,1838160.0,34167723.6206
671,"Mar 11, 2017",35.2975997925,40.013500213600004,35.2975997925,39.7150993347,1681810.0,33514828.2319
672,"Mar 10, 2017",36.7011985779,38.2921981812,33.6596984863,35.3470993042,1938790.0,29572046.6181
673,"Mar 09, 2017",35.753200531,37.408798217800005,35.324600219699995,36.7191009521,891767.0,30455510.0231
674,"Mar 08, 2017",38.027400970500004,38.1712989807,35.5619010925,35.7444992065,1056640.0,29392032.1406
675,"Mar 07, 2017",40.128200531,40.6447982788,38.0218009949,38.025199890100005,1051440.0,30996004.1225
676,"Mar 06, 2017",39.4362983704,40.3255996704,37.8319015503,40.3154983521,1250700.0,32571648.3656
677,"Mar 05, 2017",41.6713981628,41.7416992188,39.1124000549,39.4373016357,802597.0,31578678.5256
678,"Mar 04, 2017",41.8550987244,43.6273002625,39.9249992371,41.6425018311,1619630.0,33051912.5156
679,"Mar 03, 2017",39.709598541300004,42.001701355,37.7290000916,41.8009986877,2223230.0,32876747.7563
680,"Mar 02, 2017",41.5774993896,42.2958984375,39.2965011597,39.6677017212,2385790.0,30912294.8406
681,"Mar 01, 2017",37.279499054,41.447101593,37.188301086399996,41.4090995789,2376490.0,31975330.5994
682,"Feb 28, 2017",36.415599823,38.3998985291,34.408798217800005,37.3050003052,2551690.0,28537159.2188
683,"Feb 27, 2017",29.369899749800002,37.9556999207,29.3574008942,35.9399986267,2214690.0,27235556.625
684,"Feb 26, 2017",29.1380996704,29.9559993744,28.477199554400002,29.4514007568,505969.0,22108245.6238
685,"Feb 25, 2017",30.1196994781,30.7112998962,28.580699920700003,29.1471004486,508970.0,21667771.9706
686,"Feb 24, 2017",30.111200332600003,31.8052997589,28.4661006927,30.2278003693,1180920.0,22257295.9112
687,"Feb 23, 2017",27.1842002869,32.6209983826,26.153200149499998,29.984500885,1441340.0,21861136.7406
688,"Feb 22, 2017",29.9328994751,30.075799942,26.9302997589,27.1567001343,1044580.0,19606967.6706
689,"Feb 21, 2017",30.8887004852,30.8887004852,29.595100402800004,29.902500152600002,685559.0,21378231.7031
690,"Feb 20, 2017",30.5990009308,31.1875991821,30.363899230999998,30.8684997559,556168.0,21844672.8094
691,"Feb 19, 2017",30.7908000946,31.2800998688,30.4783992767,30.578399658200002,515481.0,21419595.855
692,"Feb 18, 2017",32.0965003967,32.3044013977,30.7733001709,30.8402996063,638843.0,21385242.2756
693,"Feb 17, 2017",32.5413017273,32.785400390599996,31.7350006104,32.0055007935,495639.0,21962774.2031
694,"Feb 16, 2017",33.5628013611,34.2196006775,32.5228004456,32.5630989075,679495.0,22109327.3031
695,"Feb 15, 2017",32.3031997681,34.170501709,31.1541004181,33.5485992432,852288.0,22539417.2312
696,"Feb 14, 2017",30.3980998993,32.6022987366,30.1970005035,32.3716011047,750407.0,21514772.3275
697,"Feb 13, 2017",31.515300750700003,31.8236999512,30.1014003754,30.3796005249,771020.0,19975916.1075
698,"Feb 12, 2017",32.7038002014,32.9796981812,31.6103000641,31.6103000641,515968.0,20555585.3969
699,"Feb 11, 2017",32.712001800500005,33.6679992676,32.1520004272,32.757900238000005,521365.0,21069267.0694
700,"Feb 10, 2017",33.3526992798,33.4385986328,31.932399749800002,32.697700500500005,602423.0,20794715.3969
701,"Feb 09, 2017",35.3232002258,36.1255989075,32.2529983521,33.340801239,1148210.0,20966570.46
702,"Feb 08, 2017",36.4533996582,36.7496986389,34.5764007568,35.3008995056,951820.0,21947231.4219
703,"Feb 07, 2017",37.6255989075,37.779499054,35.4566001892,36.4238014221,966072.0,22384018.6412
704,"Feb 06, 2017",38.1815986633,38.2619018555,37.5839996338,37.5894012451,639128.0,22834385.8312
705,"Feb 05, 2017",39.3689002991,39.4463996887,38.121799469,38.1624984741,615852.0,22907756.1719
706,"Feb 04, 2017",39.036701202399996,39.5457992554,38.516998291,39.3446998596,635301.0,23332144.8131
707,"Feb 03, 2017",39.248100280799996,39.313999175999996,38.0082015991,39.0167007446,843232.0,22862079.2194
708,"Feb 02, 2017",39.9121017456,40.035800933800004,38.6385993958,39.2394981384,678128.0,22707162.9094
709,"Feb 01, 2017",39.5676994324,40.2933998108,39.4375991821,39.8881988525,635382.0,22797851.4087
710,"Jan 31, 2017",39.8005981445,40.4490013123,38.9379005432,39.520198822,973401.0,22305941.8838
711,"Jan 30, 2017",38.651000976599995,40.3059005737,38.5203018188,39.979900360100004,764947.0,22281048.1444
712,"Jan 29, 2017",38.2624015808,41.5297012329,38.240600585900005,38.666400909400004,890475.0,21272561.625
713,"Jan 28, 2017",38.2332000732,38.982200622600004,38.0910987854,38.204498291,571993.0,20743849.6094
714,"Jan 27, 2017",38.709400177,40.1642990112,37.8983001709,38.2183990479,939370.0,20479090.775
715,"Jan 26, 2017",40.0881996155,41.5511016846,37.6389007568,38.523601532,1161820.0,20366223.4575
716,"Jan 25, 2017",41.4131011963,42.0836982727,39.6898002625,40.152400970500004,831920.0,20943240.8875
717,"Jan 24, 2017",42.673099517800004,43.4226989746,41.4113006592,41.4113006592,661979.0,21302749.1819
718,"Jan 23, 2017",43.3364982605,43.6052017212,42.7863998413,42.8540992737,611189.0,21733724.6531
719,"Jan 22, 2017",43.4977989197,44.4870986938,42.7907981873,43.3082008362,812956.0,21659242.8487
720,"Jan 21, 2017",43.599700927700006,44.4165992737,43.3909988403,43.5094985962,691633.0,21449911.5656
721,"Jan 20, 2017",44.2178001404,44.2178001404,43.123100280799996,43.6543998718,682880.0,21208126.04
722,"Jan 19, 2017",43.885200500500005,44.3464012146,42.9947013855,44.2491989136,589695.0,21177943.6775
723,"Jan 18, 2017",44.736000061000006,44.9751014709,41.9463996887,43.9183998108,963419.0,20703957.23
724,"Jan 17, 2017",43.582500457799995,45.246700286899994,43.395198822,44.67520141600001,1087180.0,20745766.78
725,"Jan 16, 2017",45.1006011963,45.2289009094,43.3041000366,43.460399627700006,667903.0,19868736.7425
726,"Jan 15, 2017",43.628898620600005,45.409198761000006,43.0227012634,45.1477012634,806839.0,20309410.6719
727,"Jan 14, 2017",43.2102012634,44.0381011963,42.8993988037,43.6399002075,575149.0,19328929.9581
728,"Jan 13, 2017",42.6612014771,44.4696006775,42.2765007019,43.2065010071,691680.0,18832903.2281
729,"Jan 12, 2017",40.0668983459,45.4160003662,39.4364013672,42.8059005737,1387920.0,18346341.2031
730,"Jan 11, 2017",45.6338996887,46.0354995728,39.7617988586,40.048500061,1211260.0,16876688.2031
731,"Jan 10, 2017",46.2183990479,46.367099761999995,45.025798797600004,45.6601982117,749575.0,18914452.4738
732,"Jan 09, 2017",46.1181983948,46.4674987793,45.5932998657,46.098300933800004,668273.0,18768058.5019
733,"Jan 08, 2017",47.3922996521,48.168098449700004,45.6213989258,46.1100006104,831332.0,18438524.4375
734,"Jan 07, 2017",47.7089996338,47.8713989258,44.0069007874,47.3797988892,1084960.0,18612858.3063
735,"Jan 06, 2017",49.791301727299995,52.241401672399995,45.7407989502,47.455200195299994,1202660.0,18296055.765
736,"Jan 05, 2017",57.2200012207,59.772201538100006,47.6994018555,49.8363990784,2845970.0,18862765.9225
737,"Jan 04, 2017",49.8000984192,57.2507019043,49.724201202399996,57.0299987793,1998750.0,21181298.4375
738,"Jan 03, 2017",50.0863990784,51.710498809799994,48.6122016907,50.0446014404,1131760.0,18226556.0988
739,"Jan 02, 2017",48.3582992554,50.2573013306,48.1414985657,49.7854995728,795244.0,17773112.3406
740,"Jan 01, 2017",48.048500061000006,49.059799194300005,47.9696998596,48.471000671400006,530961.0,16958488.1812
741,"Dec 31, 2016",50.480598449700004,50.480598449700004,48.011699676499994,48.104598999,534660.0,16488152.3037
742,"Dec 30, 2016",50.523601532,52.2445983887,49.968101501499994,50.381198883100005,960167.0,16907615.8375
743,"Dec 29, 2016",48.4285011292,52.934700012200004,48.4285011292,50.9872016907,1191160.0,16747701.85
744,"Dec 28, 2016",44.022800445600005,54.1134986877,43.715000152600005,48.486698150600006,2236980.0,15576049.3331
745,"Dec 27, 2016",43.502700805699995,48.314399719200004,42.164100647,44.3802986145,1034630.0,13936801.0844
746,"Dec 26, 2016",45.8905982971,46.9103012085,42.6678009033,43.585300445600005,896655.0,13377690.6106
747,"Dec 25, 2016",48.5176010132,50.0093002319,44.0649986267,45.849601745600005,927218.0,13741411.68
748,"Dec 24, 2016",51.9893989563,54.894401550299996,47.513801574700004,48.2394981384,1362700.0,14113973.2094
749,"Dec 23, 2016",48.0191001892,63.9729003906,45.9682998657,52.0532989502,4812040.0,14866097.1469
750,"Dec 22, 2016",36.2924995422,48.565101623500006,36.282398223899996,47.7615013123,2591110.0,13299488.1844
751,"Dec 21, 2016",36.1651992798,39.320098877,35.772098541300004,36.2872009277,892439.0,9838593.895
752,"Dec 20, 2016",34.5550003052,40.0625991821,34.2363014221,36.018398284899995,1105810.0,9506381.335
753,"Dec 19, 2016",36.5462989807,37.4771003723,33.9053993225,34.4737014771,544746.0,8848321.48687
754,"Dec 18, 2016",35.8216018677,40.6263999939,35.1371994019,36.4375991821,603727.0,9096419.105
755,"Dec 17, 2016",40.2188987732,40.2215995789,35.7969017029,35.838500976599995,668641.0,8689268.31563
756,"Dec 16, 2016",40.4772987366,42.302299499499995,40.0595016479,40.221298217800005,417793.0,9464826.03937
757,"Dec 15, 2016",44.4104995728,44.4104995728,40.077201843299996,40.3144989014,658957.0,9198005.140619999
758,"Dec 14, 2016",46.81750106810001,47.2379989624,43.1347999573,44.328701019300006,801444.0,9799136.18938
759,"Dec 13, 2016",50.02230072020001,50.02230072020001,46.5500984192,46.78150177,600625.0,10006855.2344
760,"Dec 12, 2016",48.4804000854,50.1230010986,48.3307991028,49.923500061000006,650266.0,10320123.5156
761,"Dec 11, 2016",49.6006011963,50.5551986694,48.336200714099995,48.4780006409,512219.0,9674087.8875
762,"Dec 10, 2016",50.3546981812,50.5409011841,48.110500335699996,49.7764015198,539462.0,9577912.6675
763,"Dec 09, 2016",53.379901886000006,53.4361991882,49.7050018311,50.3725013733,674180.0,9331820.453119999
764,"Dec 08, 2016",54.0009002686,57.451499938999994,53.2771987915,53.304599761999995,797234.0,9493216.10625
765,"Dec 07, 2016",48.7397003174,61.184799194300005,47.712600708000004,54.608100891099994,1479950.0,9332865.59062
766,"Dec 06, 2016",50.9712982178,53.078701019300006,47.481498718299996,48.739200591999996,1386070.0,7982567.1
767,"Dec 05, 2016",58.389499664300004,58.585300445600005,50.8121986389,50.9315986633,1036500.0,7971750.3675
768,"Dec 04, 2016",59.462600708000004,62.1108016968,58.354999542200005,58.391899108900006,825231.0,8728494.20187
769,"Dec 03, 2016",59.8462982178,60.8461990356,58.659999847399995,59.5303001404,837752.0,8468557.23937
770,"Dec 02, 2016",63.626701355,64.5040969849,60.3238983154,60.3238983154,1201460.0,8150889.96313
771,"Dec 01, 2016",68.4555969238,68.4555969238,62.493499755900004,63.028400421099995,1247650.0,8068816.9825
772,"Nov 30, 2016",68.7596969604,72.9448013306,66.7146987915,68.68509674069999,1389900.0,8288191.30843
773,"Nov 29, 2016",71.8445968628,77.6632003784,67.9573974609,68.7164993286,1275680.0,7828564.670039999
774,"Nov 28, 2016",69.2647018433,75.5244979858,66.2089004517,70.9597015381,1262350.0,7603726.70138
775,"Nov 27, 2016",77.3293991089,80.4213027954,66.6556015015,69.8302993774,1465100.0,7018955.288930001
776,"Nov 26, 2016",91.1333999634,92.3576965332,76.0162963867,77.3011016846,1902290.0,7283837.705139999
777,"Nov 25, 2016",96.6393966675,106.885002136,88.17130279540001,91.3319015503,3525760.0,8050200.019010001
778,"Nov 24, 2016",78.4335021973,102.41799926799999,69.0823974609,97.1881027222,4090150.0,7998708.553839999
779,"Nov 23, 2016",57.5357017517,87.6756973267,57.3993988037,77.55629730220001,2391080.0,5931096.0359
780,"Nov 22, 2016",54.013401031499995,72.0202026367,53.389598846400006,57.900299072299994,1326320.0,4103476.40705
781,"Nov 21, 2016",59.961601257299996,60.229999542200005,53.940299987799996,54.019199371300004,711312.0,3546538.23693
782,"Nov 20, 2016",65.287902832,67.6292037964,60.2742004395,60.2742004395,598211.0,3646315.64349
783,"Nov 19, 2016",71.1164016724,72.0040969849,64.6268997192,65.7007980347,822655.0,3655612.87925
784,"Nov 18, 2016",87.32939910889999,88.84100341799999,70.46900177,70.6384963989,1032890.0,3597784.8496199995
785,"Nov 17, 2016",97.47769927979999,100.422996521,85.3899002075,87.644203186,915597.0,4079558.6918900004
786,"Nov 16, 2016",109.709999084,115.61799621600001,96.91519927979999,96.95490264889999,1443840.0,4085744.80936
787,"Nov 15, 2016",105.154998779,131.225006104,97.4336013794,109.34300231899999,2030660.0,4167297.22749
788,"Nov 14, 2016",117.554000854,117.82299804700001,97.18280029299999,105.065002441,1418260.0,3597443.8550400003
789,"Nov 13, 2016",143.173995972,146.227996826,117.255996704,117.255996704,1401920.0,3585167.13051
790,"Nov 12, 2016",183.020004272,189.537994385,144.108001709,144.108001709,1167540.0,3901253.7675199998
791,"Nov 11, 2016",224.67199707,226.166000366,183.24099731400003,183.356002808,1173130.0,4380420.22061
792,"Nov 10, 2016",254.93699646,257.490997314,224.83299255400001,226.167999268,1255400.0,4698609.24326
793,"Nov 09, 2016",331.690002441,374.12399292,222.511001587,255.583999634,3706020.0,4592070.22022
794,"Nov 08, 2016",233.779006958,308.64099121099997,178.977005005,308.64099121099997,2578200.0,4744311.97552
795,"Nov 07, 2016",319.233001709,345.93899536099997,236.005004883,236.005004883,1808930.0,3063969.5757299997
796,"Nov 06, 2016",504.26998901400003,507.50299072300004,320.537994385,321.790008545,2390590.0,3464374.0449099997
797,"Nov 05, 2016",599.5189819340001,634.002990723,501.690002441,504.571990967,1984150.0,4425018.5467
798,"Nov 04, 2016",887.664001465,889.801025391,601.8439941409999,603.981994629,2469390.0,4198688.83478
799,"Nov 03, 2016",940.6610107419999,1067.58996582,863.806030273,887.257995605,2783300.0,4732770.58792
800,"Nov 02, 2016",1326.29003906,1409.06994629,872.414978027,942.783996582,3936160.0,3737043.1628400004
801,"Nov 01, 2016",1599.7199707,2027.05004883,1189.32995605,1333.73999023,4802060.0,3722439.9980300004
802,"Oct 31, 2016",570.911987305,2217.63989258,472.725006104,1624.57995605,4333820.0,2940104.97761
803,"Oct 30, 2016",2014.38000488,2028.45996094,504.53500366199995,574.820983887,1009210.0,597302.24931
804,"Oct 29, 2016",4293.37011719,5941.79980469,2006.4699707000002,2044.4699707000002,2532790.0,973672.448531
